mb-0,download-btn href
December 2014,https://www.dpiit.gov.in/static/uploads/2025/07/942133778113e8a94c348e40be42e0fa.pdf
November 2014,https://www.dpiit.gov.in/static/uploads/2025/07/521fab84d032e7e067cf7c99cf6b246a.pdf
October 2014,https://www.dpiit.gov.in/static/uploads/2025/07/e5892727a36cd13805ff65b1e99876b7.pdf
september 2014,https://www.dpiit.gov.in/static/uploads/2025/07/7a07e37b049e398e905ec1c8b6e20e29.pdf
August 2014,https://www.dpiit.gov.in/static/uploads/2025/07/72ec430c79887d5cb911d84a1e15c2f9.pdf
July 2014,https://www.dpiit.gov.in/static/uploads/2025/07/c53aa8fc63c3cf1aa04995dadad92938.pdf
June 2014,https://www.dpiit.gov.in/static/uploads/2025/07/525105acc60b9740bb834cc377345a5e.pdf
May 2014,https://www.dpiit.gov.in/static/uploads/2025/07/a003858831b0f02cd0cdb11481f50361.pdf
April 2014,https://www.dpiit.gov.in/static/uploads/2025/07/096dc7fb4fb661dd7125bf3b5710e5ef.pdf
March 2014,https://www.dpiit.gov.in/static/uploads/2025/07/0719612b9663cfcdc5f31111b23c62a2.pdf
February 2014,https://www.dpiit.gov.in/static/uploads/2025/07/51aae52efe5212adc9ef5a23442f6e94.pdf
January 2014,https://www.dpiit.gov.in/static/uploads/2025/07/cdb6c408a9f8a4087a06331953be8044.pdf
"October, 2023 to December, 2023",https://www.dpiit.gov.in/static/uploads/2025/07/fbb9c40769909d41e5a1fe11627c0f76.pdf
"July, 2023 to September, 2023",https://www.dpiit.gov.in/static/uploads/2025/07/5e2ee8773f7501ad3d830596fc05004d.pdf
April 2023 to June 2023,https://www.dpiit.gov.in/static/uploads/2025/07/0121772f03991adfe37bc10c42485898.pdf
January 2023 to March 2023,https://www.dpiit.gov.in/static/uploads/2025/07/3436ce7ec9204891e54d8cb9f99349ec.pdf
January 2022 to March 2022,https://www.dpiit.gov.in/static/uploads/2025/07/58bab0a0729a636d566d6e31d2c88633.pdf
April 2022 to June 2022,https://www.dpiit.gov.in/static/uploads/2025/07/370a94b7288f123404d25d8b0b7b26dd.pdf
July 2022 to September 2022,https://www.dpiit.gov.in/static/uploads/2025/07/3bf471f1a38b68bf8d6eb88e4ac20df5.pdf
"October, 2022 to December, 2022",https://www.dpiit.gov.in/static/uploads/2025/07/aa3248f445bcde2dbc77051bf1ff56d5.pdf
"October, 2021 to December, 2021",https://www.dpiit.gov.in/static/uploads/2025/07/64a127afe5f6068245cdc2d120303c55.pdf
July 2021 to September 2021,https://www.dpiit.gov.in/static/uploads/2025/07/0ec2d6a6d708a5cafde156bb9541204d.pdf
April 2021 to June 2021,https://www.dpiit.gov.in/static/uploads/2025/07/c585fb20893aabf29ce653e538d0cfa9.pdf
January 2021 to March 2021,https://www.dpiit.gov.in/static/uploads/2025/07/400414f25fff988d0c6eebfce9a86b67.pdf
October 2020 to December 2020,https://www.dpiit.gov.in/static/uploads/2025/07/7455f3617536cbeea2f11c760f44b2c0.pdf
July 2020 to September 2020,https://www.dpiit.gov.in/static/uploads/2025/07/beafc3ec76855621ca0998fdfddc4a96.pdf
April 2020 to June 2020,https://www.dpiit.gov.in/static/uploads/2025/07/ab665080630351edee273fb21dcdf6a4.pdf
January 2020 to March 2020,https://www.dpiit.gov.in/static/uploads/2025/07/d1fb768b5ca8514943970a415e906a86.pdf
October 2019 to December 2019,https://www.dpiit.gov.in/static/uploads/2025/07/8ae083d8b2aa9d7e83129babefc66382.pdf
July 2019 to September 2019,https://www.dpiit.gov.in/static/uploads/2025/07/ca2762e915b102b10a5f87d615f13019.pdf
April 2019 to June 2019,https://www.dpiit.gov.in/static/uploads/2025/07/c74deefb98a5e0db225365753bded5ff.pdf
January 2019 to March 2019,https://www.dpiit.gov.in/static/uploads/2025/07/4d58d13e9c893101a6568eb01eefdfbf.pdf
October 2018 to December 2018,https://www.dpiit.gov.in/static/uploads/2025/07/a98121d2d9be414b51e04333bc7a6f38.pdf
July 2018 to September 2018,https://www.dpiit.gov.in/static/uploads/2025/07/6669a6df6c90c85b34d59a1f5e6b032e.pdf
April 2018 to June 2018,https://www.dpiit.gov.in/static/uploads/2025/07/efa84ad6d4eba2cc2c1d3e0bff61b377.pdf
January 2018 to March 2018,https://www.dpiit.gov.in/static/uploads/2025/07/8950be8297a2cf66922c7b8c0adffc70.pdf
October 2017 to December 2017,https://www.dpiit.gov.in/static/uploads/2025/07/8c211e03876acb8ec3f998d0f4063a2a.pdf
July 2017 to September 2017,https://www.dpiit.gov.in/static/uploads/2025/07/8595cfa25ba00329ff1dde1ac5230aa8.pdf
FDI Factsheet - April to June 2017,https://www.dpiit.gov.in/static/uploads/2025/07/077b0c25262e83526cff28d2354bfc33.pdf
January 2017 to March 2017,https://www.dpiit.gov.in/static/uploads/2025/07/51f2612c2b22d32bbc01fcb3c1a8d0a9.pdf
December 2013,https://www.dpiit.gov.in/static/uploads/2025/07/cc82af5f945a2b7292ea38e49e188abb.pdf
November 2013,https://www.dpiit.gov.in/static/uploads/2025/07/2c08159392d0627a26614dd03f6df796.pdf
October 2013,https://www.dpiit.gov.in/static/uploads/2025/07/339a41935d901cb6faec6b33dbda257c.pdf
Sepetember 2013,https://www.dpiit.gov.in/static/uploads/2025/07/ba6c473c31bfffd83ee029324bb4124c.pdf
August 2013,https://www.dpiit.gov.in/static/uploads/2025/07/e32a3e3558df307865a7fb45b6d703e4.pdf
July 2013,https://www.dpiit.gov.in/static/uploads/2025/07/6f8855d6924838cc4593891ae324533c.pdf
June 2013,https://www.dpiit.gov.in/static/uploads/2025/07/8612924fef466f86b52c5ac36bb0f9b8.pdf
May 2013,https://www.dpiit.gov.in/static/uploads/2025/07/929ec2598d443f56d57dacda2b8fdff6.pdf
April 2013,https://www.dpiit.gov.in/static/uploads/2025/07/f6fdda347f6ec92f13284ad4d2aa7570.pdf
March 2013,https://www.dpiit.gov.in/static/uploads/2025/07/eea64510c4be5249f6a705c255ba7632.pdf
February 2013,https://www.dpiit.gov.in/static/uploads/2025/07/d06d275f7055f2fbb1555d1a9ef2e6e3.pdf
January 2013,https://www.dpiit.gov.in/static/uploads/2025/07/1dff0d50853b38afb553d18f9056c6d2.pdf
December 2012,https://www.dpiit.gov.in/static/uploads/2025/07/efd8648e238c47e0e0fc217393ac3643.pdf
November 2012,https://www.dpiit.gov.in/static/uploads/2025/07/26e8e30d63ac21f2478a653079269671.pdf
October 2012,https://www.dpiit.gov.in/static/uploads/2025/07/387d9e6f7517afe58459e4d08ebf4fb6.pdf
September 2012,https://www.dpiit.gov.in/static/uploads/2025/07/4d9e59981a9d1e6db93c379546c3beee.pdf
August 2012,https://www.dpiit.gov.in/static/uploads/2025/07/c71f838073c049877941940a8abf0e06.pdf
July 2012,https://www.dpiit.gov.in/static/uploads/2025/07/e6976e00a9520966cb2647b601728b0c.pdf
June 2012,https://www.dpiit.gov.in/static/uploads/2025/07/6fb75873a6a46bf97bcd2e064ccee456.pdf
May 2012,https://www.dpiit.gov.in/static/uploads/2025/07/eb12dcc97d3a140d7eec652b7b85f0cf.pdf
April 2012,https://www.dpiit.gov.in/static/uploads/2025/07/0b732507a517db64c02c36074c4ea0da.pdf
March 2012,https://www.dpiit.gov.in/static/uploads/2025/07/532614a7f6e1447f0fefd322eacf467a.pdf
February 2012,https://www.dpiit.gov.in/static/uploads/2025/07/10aa1ded9f4572df5ae3f023da63095a.pdf
January 2012,https://www.dpiit.gov.in/static/uploads/2025/07/8002b61286a1eac3e46db20ca627468f.pdf
December 2011,https://www.dpiit.gov.in/static/uploads/2025/07/b35ee77eee82aee9b4abd3fbfd31ed20.pdf
November 2011,https://www.dpiit.gov.in/static/uploads/2025/07/b4286a986230378a64b7a81c0529452f.pdf
October 2011,https://www.dpiit.gov.in/static/uploads/2025/07/a0af87183f56eaee0d7835c051ab2ca7.pdf
September 2011,https://www.dpiit.gov.in/static/uploads/2025/07/044c1631ea30597ec692f482bfee898d.pdf
August 2011,https://www.dpiit.gov.in/static/uploads/2025/07/79388988f9388a3b9956603e45086b34.pdf
July 2011,https://www.dpiit.gov.in/static/uploads/2025/07/7107961979a15678c0fd3d922abdc30a.pdf
June 2011,https://www.dpiit.gov.in/static/uploads/2025/07/30885410c3a87752f6c53b4d5434b342.pdf
May 2011,https://www.dpiit.gov.in/static/uploads/2025/07/647a8096e3e6e79fd8c6cf52ae174f18.pdf
April 2011,https://www.dpiit.gov.in/static/uploads/2025/07/4aa0a174e8318444f570f85a30088dcb.pdf
March 2011,https://www.dpiit.gov.in/static/uploads/2025/07/390b7e1ee3c33a9d1e358cb8a2aa0503.pdf
February 2011,https://www.dpiit.gov.in/static/uploads/2025/07/97c6363981cc064f9d0d6db037b1bc0e.pdf
January 2011,https://www.dpiit.gov.in/static/uploads/2025/07/0dc64dd266d6d2feeffea67d49e25084.pdf
December 2010,https://www.dpiit.gov.in/static/uploads/2025/07/542195868e2fd61f01f448a7a9c9caaa.pdf
November 2010,https://www.dpiit.gov.in/static/uploads/2025/07/b79ab1042bcbfcfdf9e7ed0ba00a9d88.pdf
October 2010,https://www.dpiit.gov.in/static/uploads/2025/07/984ad7ea2f8cceee7dca37d15dc1b90a.pdf
September 2010,https://www.dpiit.gov.in/static/uploads/2025/07/9c07b921b2978b892c8df7999b681eb1.pdf
August 2010,https://www.dpiit.gov.in/static/uploads/2025/07/80c076691d5a28c4bf19fdb77811cdeb.pdf
July 2010,https://www.dpiit.gov.in/static/uploads/2025/07/738eca3c60e867d00c02820726c64525.pdf
June 2010,https://www.dpiit.gov.in/static/uploads/2025/07/a9d0563d142eeffbf7cbe918242dd9a6.pdf
May 2010,https://www.dpiit.gov.in/static/uploads/2025/07/a3d612f7f4b77a5a0cc658476dd5f985.pdf
April 2010,https://www.dpiit.gov.in/static/uploads/2025/07/aad398a0cb7addafcbe6f56d73eb8d90.pdf
March 2010,https://www.dpiit.gov.in/static/uploads/2025/07/ccecad3b3ea199447ce88f83d269bc35.pdf
February 2010,https://www.dpiit.gov.in/static/uploads/2025/07/d9b7411d90cdddbd29ba9a49b8fffb55.pdf
January 2010,https://www.dpiit.gov.in/static/uploads/2025/07/ca07bc7ea07d5189d63014a1d6c988ab.pdf
December 2009,https://www.dpiit.gov.in/static/uploads/2025/07/2f22b240ff2ef2ce6c4547a8e3b9871d.pdf
November 2009,https://www.dpiit.gov.in/static/uploads/2025/07/8b1d43afc147f1c4ffa271b4f39b60c3.pdf
October 2009,https://www.dpiit.gov.in/static/uploads/2025/07/beb2e62e69e4c84f8ebf4d0866c50126.pdf
September 2009,https://www.dpiit.gov.in/static/uploads/2025/07/b45f9af57520edf119e78f1bed6208c0.pdf
August 2009,https://www.dpiit.gov.in/static/uploads/2025/07/7bcee1b69d6c5e05c12f866bddf00886.pdf
July 2009,https://www.dpiit.gov.in/static/uploads/2025/07/c05fb74afe2618676af13284026ec2c9.pdf
June 2009,https://www.dpiit.gov.in/static/uploads/2025/07/d256955e2f553aa40ca58e8594b83bb6.pdf
May 2009,https://www.dpiit.gov.in/static/uploads/2025/07/ae7dcebe870304740350cbf241dd9ac4.pdf
April 2009,https://www.dpiit.gov.in/static/uploads/2025/07/55b2d561cb0ca40945b4bdfe5d7b94e9.pdf
March 2009,https://www.dpiit.gov.in/static/uploads/2025/07/36c5454d61957d078443bdca540d0cdf.pdf
February 2009,https://www.dpiit.gov.in/static/uploads/2025/07/2c9ea76a67d9c18b5dd20eb2c23c0083.pdf
January 2009,https://www.dpiit.gov.in/static/uploads/2025/07/7266cd7b27374e03ffb0917e83172507.pdf
December 2008,https://www.dpiit.gov.in/static/uploads/2025/07/5bd53170cc771c7c7cddca39f73bd52d.pdf
November 2008,https://www.dpiit.gov.in/static/uploads/2025/07/597e4949e49dd32712e9d3caf079e4dd.pdf
October 2008,https://www.dpiit.gov.in/static/uploads/2025/07/390c301a5607ccc1ba5c0f9c36c0f0a8.pdf
September 2008,https://www.dpiit.gov.in/static/uploads/2025/07/6f5e35c0db6f087a3e81ea31e4192ffe.pdf
August 2008,https://www.dpiit.gov.in/static/uploads/2025/07/05982aa5a9cc301660cfed81b5c7b97d.pdf
July 2008,https://www.dpiit.gov.in/static/uploads/2025/07/d5466b55986fbffbd20389b6aac01761.pdf
June 2008,https://www.dpiit.gov.in/static/uploads/2025/07/c8c14d2abed4af044dee750f4462ca48.pdf
May 2008,https://www.dpiit.gov.in/static/uploads/2025/07/fc0d60600e307123554e0905ed37ffb4.pdf
April 2008,https://www.dpiit.gov.in/static/uploads/2025/07/716787b3e643453a114065575774368d.pdf
March 2008,https://www.dpiit.gov.in/static/uploads/2025/07/5e05632c7a1e1fbe4e52664cd107191d.pdf
February 2008,https://www.dpiit.gov.in/static/uploads/2025/07/d403c4c0720b011a598033a208c973c4.pdf
January 2008,https://www.dpiit.gov.in/static/uploads/2025/07/2ae1ea4cca1034c7341eb8a095ecb8d0.pdf
December 2007,https://www.dpiit.gov.in/static/uploads/2025/07/002ae5e5852950ce755e6ab584294cc5.pdf
November 2007,https://www.dpiit.gov.in/static/uploads/2025/07/468d761a762bbf4abb4158222eb337f9.pdf
October 2007,https://www.dpiit.gov.in/static/uploads/2025/07/71e28bc5ec62903e7f544c03d9e78e03.pdf
September 2007,https://www.dpiit.gov.in/static/uploads/2025/07/ffc3c75d36c08c7e8d6f21ea47d3b399.pdf
August 2007,https://www.dpiit.gov.in/static/uploads/2025/07/52fb58876e3bd1e3f9ba121efccfdb96.pdf
July 2007,https://www.dpiit.gov.in/static/uploads/2025/07/a9b1595c6f1ae6e64d211bf34a5dffc6.pdf
June 2007,https://www.dpiit.gov.in/static/uploads/2025/07/1553327ea913461cfa92d01302a683c0.pdf
May 2007,https://www.dpiit.gov.in/static/uploads/2025/07/a1bb0d86242bf70c662e05015766109e.pdf
April 2007,https://www.dpiit.gov.in/static/uploads/2025/07/f825445c987342d9a7852bb535e74b7a.pdf
March 2007,https://www.dpiit.gov.in/static/uploads/2025/07/220600f180e37bbe71a67966191bbdd6.pdf
February 2007,https://www.dpiit.gov.in/static/uploads/2025/07/09709011f92caac2c8d893caf5ad37aa.pdf
January 2007,https://www.dpiit.gov.in/static/uploads/2025/07/2d4b88c9b6fec455b59c449bc26856f9.pdf
"October, 2024 to December, 2024",https://www.dpiit.gov.in/static/uploads/2025/07/d65c4dc5529fb4985f5913a4a1708d2c.pdf
"July, 2024 to September, 2024",https://www.dpiit.gov.in/static/uploads/2025/07/423adfb3cfd63a60b801fb8d7b5e7630.pdf
"April, 2024 to June, 2024",https://www.dpiit.gov.in/static/uploads/2025/07/6b29a9c1733b34598e110340e6df6d33.pdf
January 2024 to March 2024,https://www.dpiit.gov.in/static/uploads/2025/07/1df2ce4f29d47ddd9643f8ca594edeb2.pdf
October 2015 to December 2015,https://www.dpiit.gov.in/static/uploads/2025/07/3b9b552a0b72363d96f13088749a8d57.pdf
July 2015 to September 2015,https://www.dpiit.gov.in/static/uploads/2025/07/137252eb7435f0c5972559db7fa0273c.pdf
June 2015,https://www.dpiit.gov.in/static/uploads/2025/07/919c1a5c71729a59a111aa1d8baa399d.pdf
May 2015,https://www.dpiit.gov.in/static/uploads/2025/07/d7c17fc3462a45d707bbdd6b34056f0e.pdf
April 2015,https://www.dpiit.gov.in/static/uploads/2025/07/e0df086b8918b67954b26bde0a829d07.pdf
March 2015,https://www.dpiit.gov.in/static/uploads/2025/07/dfc4075bade0386e34ce2326a67be393.pdf
February 2015,https://www.dpiit.gov.in/static/uploads/2025/07/9255586a9687a9e6104e501ccf656e5a.pdf
January 2015,https://www.dpiit.gov.in/static/uploads/2025/07/1760a59907fd1b447074c929a2b67168.pdf
