col-md-6,viewBtn href
08.01.2018,http://dea.gov.in/files/overseas_direct_investment_documents/ODI_Fact_Sheet_from_April_2014_to_December_2017.pdf
18.03.2019,http://dea.gov.in/files/overseas_direct_investment_documents/ODI_fact_sheet_April_2016_to_Sep_2018.pdf
18.03.2019,http://dea.gov.in/files/overseas_direct_investment_documents/ODI_Fact_Sheet_April_2015_to_March_2018.pdf
18.03.2019,http://dea.gov.in/files/overseas_direct_investment_documents/ODI_fact_sheet_April_2016_to_June_2018.pdf
30.04.2019,http://dea.gov.in/files/overseas_direct_investment_documents/ODI_Fact_sheet_April_2016_to_March_2019.pdf
30.05.2019,http://dea.gov.in/files/overseas_direct_investment_documents/ODI_Fact_sheet_May_2019.pdf
06.08.2019,http://dea.gov.in/files/overseas_direct_investment_documents/Overseas_Direct_nvestment_Data_from_April_2017_to_July_2019.pdf
31.08.2019,http://dea.gov.in/files/overseas_direct_investment_documents/Overseas_Direct_Investment_Data_from_April_2017_to_August_2019.pdf
06.11.2019,http://dea.gov.in/files/overseas_direct_investment_documents/ODI_Fact_sheet_October_2019.pdf
24.12.2019,http://dea.gov.in/files/overseas_direct_investment_documents/Overseas_Direct_Investment_Data_from_April_2017_to_November_2019.pdf
27.07.2020,http://dea.gov.in/files/overseas_direct_investment_documents/April_2020_Factsheet_0.pdf
27.07.2020,http://dea.gov.in/files/overseas_direct_investment_documents/May_2020_Factsheet_0.pdf
28.08.2020,http://dea.gov.in/files/overseas_direct_investment_documents/July_2020_ODI_FactSheet.pdf
28.08.2020,http://dea.gov.in/files/overseas_direct_investment_documents/June_2020_ODI_FactSheet_0.pdf
22.10.2020,http://dea.gov.in/files/overseas_direct_investment_documents/September_2020_ODI_FactSheet_0.pdf
22.10.2020,http://dea.gov.in/files/overseas_direct_investment_documents/August_2020_ODI_FactSheet_2.pdf
17.11.2020,http://dea.gov.in/files/overseas_direct_investment_documents/October_2020_ODI_FactSheet.pdf
04.12.2020,http://dea.gov.in/files/overseas_direct_investment_documents/Approved_November_2020_ODI_FactSheet.pdf
12.01.2021,http://dea.gov.in/files/overseas_direct_investment_documents/December_2020_ODI_FactSheet.pdf
05.02.2021,http://dea.gov.in/files/overseas_direct_investment_documents/Approved_January_2021_ODI_FactSheet.pdf
08.01.2018,http://dea.gov.in/files/overseas_direct_investment_documents/ODI_Fact_Sheet_from_April_2014_to_December_2017.pdf
18.03.2019,http://dea.gov.in/files/overseas_direct_investment_documents/ODI_fact_sheet_April_2016_to_Sep_2018.pdf
18.03.2019,http://dea.gov.in/files/overseas_direct_investment_documents/ODI_Fact_Sheet_April_2015_to_March_2018.pdf
18.03.2019,http://dea.gov.in/files/overseas_direct_investment_documents/ODI_fact_sheet_April_2016_to_June_2018.pdf
30.04.2019,http://dea.gov.in/files/overseas_direct_investment_documents/ODI_Fact_sheet_April_2016_to_March_2019.pdf
30.05.2019,http://dea.gov.in/files/overseas_direct_investment_documents/ODI_Fact_sheet_May_2019.pdf
06.08.2019,http://dea.gov.in/files/overseas_direct_investment_documents/Overseas_Direct_nvestment_Data_from_April_2017_to_July_2019.pdf
31.08.2019,http://dea.gov.in/files/overseas_direct_investment_documents/Overseas_Direct_Investment_Data_from_April_2017_to_August_2019.pdf
06.11.2019,http://dea.gov.in/files/overseas_direct_investment_documents/ODI_Fact_sheet_October_2019.pdf
24.12.2019,http://dea.gov.in/files/overseas_direct_investment_documents/Overseas_Direct_Investment_Data_from_April_2017_to_November_2019.pdf
27.07.2020,http://dea.gov.in/files/overseas_direct_investment_documents/April_2020_Factsheet_0.pdf
27.07.2020,http://dea.gov.in/files/overseas_direct_investment_documents/May_2020_Factsheet_0.pdf
28.08.2020,http://dea.gov.in/files/overseas_direct_investment_documents/July_2020_ODI_FactSheet.pdf
28.08.2020,http://dea.gov.in/files/overseas_direct_investment_documents/June_2020_ODI_FactSheet_0.pdf
22.10.2020,http://dea.gov.in/files/overseas_direct_investment_documents/September_2020_ODI_FactSheet_0.pdf
22.10.2020,http://dea.gov.in/files/overseas_direct_investment_documents/August_2020_ODI_FactSheet_2.pdf
17.11.2020,http://dea.gov.in/files/overseas_direct_investment_documents/October_2020_ODI_FactSheet.pdf
04.12.2020,http://dea.gov.in/files/overseas_direct_investment_documents/Approved_November_2020_ODI_FactSheet.pdf
12.01.2021,http://dea.gov.in/files/overseas_direct_investment_documents/December_2020_ODI_FactSheet.pdf
05.02.2021,http://dea.gov.in/files/overseas_direct_investment_documents/Approved_January_2021_ODI_FactSheet.pdf
08.01.2018,http://dea.gov.in/files/overseas_direct_investment_documents/ODI_Fact_Sheet_from_April_2014_to_December_2017.pdf
18.03.2019,http://dea.gov.in/files/overseas_direct_investment_documents/ODI_fact_sheet_April_2016_to_Sep_2018.pdf
18.03.2019,http://dea.gov.in/files/overseas_direct_investment_documents/ODI_Fact_Sheet_April_2015_to_March_2018.pdf
18.03.2019,http://dea.gov.in/files/overseas_direct_investment_documents/ODI_fact_sheet_April_2016_to_June_2018.pdf
30.04.2019,http://dea.gov.in/files/overseas_direct_investment_documents/ODI_Fact_sheet_April_2016_to_March_2019.pdf
30.05.2019,http://dea.gov.in/files/overseas_direct_investment_documents/ODI_Fact_sheet_May_2019.pdf
06.08.2019,http://dea.gov.in/files/overseas_direct_investment_documents/Overseas_Direct_nvestment_Data_from_April_2017_to_July_2019.pdf
31.08.2019,http://dea.gov.in/files/overseas_direct_investment_documents/Overseas_Direct_Investment_Data_from_April_2017_to_August_2019.pdf
06.11.2019,http://dea.gov.in/files/overseas_direct_investment_documents/ODI_Fact_sheet_October_2019.pdf
24.12.2019,http://dea.gov.in/files/overseas_direct_investment_documents/Overseas_Direct_Investment_Data_from_April_2017_to_November_2019.pdf
27.07.2020,http://dea.gov.in/files/overseas_direct_investment_documents/April_2020_Factsheet_0.pdf
27.07.2020,http://dea.gov.in/files/overseas_direct_investment_documents/May_2020_Factsheet_0.pdf
28.08.2020,http://dea.gov.in/files/overseas_direct_investment_documents/July_2020_ODI_FactSheet.pdf
28.08.2020,http://dea.gov.in/files/overseas_direct_investment_documents/June_2020_ODI_FactSheet_0.pdf
22.10.2020,http://dea.gov.in/files/overseas_direct_investment_documents/September_2020_ODI_FactSheet_0.pdf
22.10.2020,http://dea.gov.in/files/overseas_direct_investment_documents/August_2020_ODI_FactSheet_2.pdf
17.11.2020,http://dea.gov.in/files/overseas_direct_investment_documents/October_2020_ODI_FactSheet.pdf
04.12.2020,http://dea.gov.in/files/overseas_direct_investment_documents/Approved_November_2020_ODI_FactSheet.pdf
12.01.2021,http://dea.gov.in/files/overseas_direct_investment_documents/December_2020_ODI_FactSheet.pdf
05.02.2021,http://dea.gov.in/files/overseas_direct_investment_documents/Approved_January_2021_ODI_FactSheet.pdf
08.01.2018,http://dea.gov.in/files/overseas_direct_investment_documents/ODI_Fact_Sheet_from_April_2014_to_December_2017.pdf
18.03.2019,http://dea.gov.in/files/overseas_direct_investment_documents/ODI_fact_sheet_April_2016_to_Sep_2018.pdf
18.03.2019,http://dea.gov.in/files/overseas_direct_investment_documents/ODI_Fact_Sheet_April_2015_to_March_2018.pdf
18.03.2019,http://dea.gov.in/files/overseas_direct_investment_documents/ODI_fact_sheet_April_2016_to_June_2018.pdf
30.04.2019,http://dea.gov.in/files/overseas_direct_investment_documents/ODI_Fact_sheet_April_2016_to_March_2019.pdf
30.05.2019,http://dea.gov.in/files/overseas_direct_investment_documents/ODI_Fact_sheet_May_2019.pdf
06.08.2019,http://dea.gov.in/files/overseas_direct_investment_documents/Overseas_Direct_nvestment_Data_from_April_2017_to_July_2019.pdf
31.08.2019,http://dea.gov.in/files/overseas_direct_investment_documents/Overseas_Direct_Investment_Data_from_April_2017_to_August_2019.pdf
06.11.2019,http://dea.gov.in/files/overseas_direct_investment_documents/ODI_Fact_sheet_October_2019.pdf
24.12.2019,http://dea.gov.in/files/overseas_direct_investment_documents/Overseas_Direct_Investment_Data_from_April_2017_to_November_2019.pdf
27.07.2020,http://dea.gov.in/files/overseas_direct_investment_documents/April_2020_Factsheet_0.pdf
27.07.2020,http://dea.gov.in/files/overseas_direct_investment_documents/May_2020_Factsheet_0.pdf
28.08.2020,http://dea.gov.in/files/overseas_direct_investment_documents/July_2020_ODI_FactSheet.pdf
28.08.2020,http://dea.gov.in/files/overseas_direct_investment_documents/June_2020_ODI_FactSheet_0.pdf
22.10.2020,http://dea.gov.in/files/overseas_direct_investment_documents/September_2020_ODI_FactSheet_0.pdf
22.10.2020,http://dea.gov.in/files/overseas_direct_investment_documents/August_2020_ODI_FactSheet_2.pdf
17.11.2020,http://dea.gov.in/files/overseas_direct_investment_documents/October_2020_ODI_FactSheet.pdf
04.12.2020,http://dea.gov.in/files/overseas_direct_investment_documents/Approved_November_2020_ODI_FactSheet.pdf
12.01.2021,http://dea.gov.in/files/overseas_direct_investment_documents/December_2020_ODI_FactSheet.pdf
05.02.2021,http://dea.gov.in/files/overseas_direct_investment_documents/Approved_January_2021_ODI_FactSheet.pdf
01.12.2015,http://dea.gov.in/files/overseas_direct_investment_documents/ODI_Data_April2013_November2015_0.pdf
01.01.2016,http://dea.gov.in/files/overseas_direct_investment_documents/ODI_Data_April2013_December2015.pdf
01.02.2016,http://dea.gov.in/files/overseas_direct_investment_documents/ODI_Data_April2013_January2016.pdf
01.03.2016,http://dea.gov.in/files/overseas_direct_investment_documents/ODI_Data_April2013_February2016.pdf
01.04.2016,http://dea.gov.in/files/overseas_direct_investment_documents/ODI_Data_April2013_March2016.pdf
30.04.2016,http://dea.gov.in/files/overseas_direct_investment_documents/ODI_Data_April2013_April2016.pdf
31.05.2016,http://dea.gov.in/files/overseas_direct_investment_documents/ODI_Data_April2013_May2016.pdf
30.06.2016,http://dea.gov.in/files/overseas_direct_investment_documents/ODI_Data_April2013_June2016.pdf
31.07.2016,http://dea.gov.in/files/overseas_direct_investment_documents/ODI_Data_April2013_July2016.pdf
02.11.2016,http://dea.gov.in/files/overseas_direct_investment_documents/ODI_Data_April2013_September2016.pdf
20.12.2016,http://dea.gov.in/files/overseas_direct_investment_documents/October_Format2016.pdf
20.12.2016,http://dea.gov.in/files/overseas_direct_investment_documents/November_Format2016.pdf
09.02.2017,http://dea.gov.in/files/overseas_direct_investment_documents/ODI_Data_April2013_January2017.pdf
16.05.2017,http://dea.gov.in/files/overseas_direct_investment_documents/Apr_format17.pdf
16.05.2017,http://dea.gov.in/files/overseas_direct_investment_documents/March_Format17.pdf
14.06.2017,http://dea.gov.in/files/overseas_direct_investment_documents/May_Format.pdf
14.07.2017,http://dea.gov.in/files/overseas_direct_investment_documents/June_Format.pdf
25.09.2017,http://dea.gov.in/files/overseas_direct_investment_documents/July_03_%20format.pdf
25.09.2017,http://dea.gov.in/files/overseas_direct_investment_documents/Aug_03_%20format.pdf
20.12.2017,http://dea.gov.in/files/overseas_direct_investment_documents/ODI_Data_April2013_December2016_1.pdf
